标题,价格,商品链接
三角洲行动护航7.9元/小时三角洲行动服务宣言：三角洲行动7.9元/小时！7.9！7.9！7.9！一小时！娱乐/护航这里都有！老板们注意啦！先到先得～娱乐小跟班、女保镖、技术男护航全在线，纯绿色玩法,7.90,https://www.goofish.com/item?id=985868769720&categoryId=202150249
三角洲行动护航双护一小时仅40元！！绿色单护/双护固排双子星护航包撤离新客每日体验价总共10单机密双护:40r双护一小时保底撤离一局，不偷吃，服务态度好！老板满意才结单，吃的少随时补,40,https://www.goofish.com/item?id=971464715078&categoryId=201403207
三角洲行动护航｜68r保底658w-2000w+绝密双护68r保底658w+｜不卡保底・绝密双护纯手搓低敏稳打，不暴力不奔放，出心出泪全归老板，高效护航，体验拉满[红圆]好不好看评论别的,68796,https://www.goofish.com/item?id=1029152593953&categoryId=201403207
首单108保底1200w（手游）三角洲行动手游护航/最低价护航/纯绿双护/三角洲哈夫币追缴包赔，服务至上!目前只接手游!!!60护500(绝密航天/巴克)108护1088(绝密航天/巴克,108,https://www.goofish.com/item?id=1020141462570&categoryId=201403207
三角洲行动护航9.9元一小时航天战神【三角洲行动护航】全新上线 [招财猫]标价就是卖价 [火]9.9r/h绝密【三角洲纯绿护航】单护/双护，双子星护航包撤，固定队友！ [招财猫][招财猫] #游戏,9.90,https://www.goofish.com/item?id=1031636788789&categoryId=201403207
三角洲行动护航体验单88/800w纯绿三角洲行动护航绝密双护特价体验80累计800w绝密双护纯绿线下打手不卡保底双端通用看好直接拍～中途不满意不舒服随时联系客服处理！Xy星耀电竞销量,8842,https://www.goofish.com/item?id=1034284012495&categoryId=202150249
三角洲行动护航纯绿体验88累计800w三角洲行动护航绝密双护特价体验88累计800w绝密双护纯绿线下打手不卡保底双端通用看好直接拍～中途不满意不舒服随时联系客服处理！晚风电竞销量过万,8833,https://www.goofish.com/item?id=1034792345383&categoryId=202150249
三角洲行动绝密保底累计138元1288W累计收益单88保788W撤离失败+60W保底（每日一单）138保1288W撤离失败+60w保底（每日一单）三角洲监狱保底累计单128保监狱788W撤,1381588,https://www.goofish.com/item?id=1008455943268&categoryId=202150249
7.9/h三角洲行动陪练护航三角洲行动服务宣言：[超便宜]三角洲行动超值娱乐护航｜仅需7.9/小时[超便宜]技术男硬核护航、娱乐女暖心陪伴，在线秒上，先到先得！技术在线不翻车，话痨不冷场，心态温,7.90,https://www.goofish.com/item?id=1034185064736&categoryId=202150249
三角洲行动护航服务三角洲行动护航服务三角洲行动服务宣言：三角洲行动护航三角洲行动陪练三角洲行动代肝线下实体工作室可视频验证设备打手在线秒上号巅峰猛男护航老板负责舔包技术在线服务热情 ,30,https://www.goofish.com/item?id=955541589286&categoryId=202150249
三角洲行动机密双护！纯绿技术护航，首单仅需38.88r/h，万单店有保障，纯绿追缴包赔～双护最低包撤一把 PC PC PC双子星双护or技术猛男单陪都可以，200+千场巅峰kd3.,38.88,https://www.goofish.com/item?id=1020224857794&categoryId=201403207
三角洲行动护航服务，80包绝密撤离一局三角洲行动服务宣言：三角洲游戏·指80/1h绝密双护包撤一局 （航天巴克什任意地图）【三角洲行动】纯绿技术绝密护航，全新上线！标价即实价【目前只接端游】郑重承,80,https://www.goofish.com/item?id=1003011089761&categoryId=202150249
三角洲行动9元一小时，个人女陪陪，只接PC端哦~主打话痨情绪价值，声音甜，御姐音，少女音都有，心态超级温柔，不压力板板，听板板指挥。让物资给板板，不偷吃，大金小红都给板板吃板板们来一单叭,9179,https://www.goofish.com/item?id=1025961992623&categoryId=202150249
三角洲行动护航双护一小时1三角洲行动护航双护一小时优惠了！！绿色单护/双护固排双子星护航包撤离新客每日体验价总共10单机密双护:50r双护一小时保底撤离一局，不偷吃，服务态度好！ ,50,https://www.goofish.com/item?id=1009415436264&categoryId=202150249
三角洲行动手游48.8保底1088w顶级护航三角洲行动护航单惊爆上线！技术猛男猛女在线护航，秒上号！------------------------------------------全场白,48.80,https://www.goofish.com/item?id=1023664177290&categoryId=201403207
三角洲行动护航.绝密双护88r=1000w pc端红护纯绿绿色双护1000万撤离单局对赌红玩护航清图单红护1护2 ，跑图红护清图绿色单护保底双护清图监狱一护2双护单护 ,8880,https://www.goofish.com/item?id=1005733660071&categoryId=201403207
三角洲行动服务宣言：15元超绝性价比体验！手游三角洲行动护航体验单，单护/双护都有体验价，超万单店铺，上千好评，超绝性价比。纯绿打手护航，老板优先舔包，陪陪吃剩下的，技术靠谱，KD高，语音指挥，互动,15.062070,https://www.goofish.com/item?id=1016859576115&categoryId=201403207
三角洲行动监狱堵海端游40保300w99保累计1000w488保5000w死一把加50w保底纯绿操作，安全靠谱，支持陪玩。价格可聊，喜欢直接拍，细节私聊。需要可以直接拍，按拍下的顺序排队。其他：潮汐,40,https://www.goofish.com/item?id=1007129723231&categoryId=201403207
三角洲行动护航纯绿体验88累计800w三角洲行动护航绝密双护特价体验88累计800w绝密双护纯绿线下打手不卡保底双端通用看好直接拍～中途不满意不舒服随时联系客服处理！Xy星耀电竞销量,8827,https://www.goofish.com/item?id=1035621084982&categoryId=202150249
三角洲行动护航，130元保底1200w，特价特价！纯绿技术，绝不卡保底，打手只吃剩下的，东西优先给老板！手游端游都能接，双端护航，体验超值！甜心俱乐部承诺：纯绿双护，追缴包赔包补只要邮件是我们打手,130,https://www.goofish.com/item?id=1034644964340&categoryId=201403207
三角洲行动护航双护一小时仅40元！！绿色单护/双护固排双子星护航包撤离新客每日体验价总共10单机密双护:40r双护一小时保底撤离一局，不偷吃，服务态度好！老板满意才结单，吃的少随时补,40,https://www.goofish.com/item?id=998817879395&categoryId=201403207
三角洲行动护航指导三角洲行动服务宣言：游戏指导·三角洲行动30元/小时【三角洲行动护航】三角洲一小时技术男护航，全新上线！在线秒上，技术包在线的，S1-S4赛季前榜上500强，内测玩家东西都是老,302,https://www.goofish.com/item?id=1001182418837&categoryId=202150249
三角洲行动护航，【118r挑战1500w】PC端（限拍一单）线下实体俱乐部全部都是精挑细选的组合下单打手秒上号百队打手无需等待拍完就玩！想得吃就来森途电竞！！！——————————————,118,https://www.goofish.com/item?id=1034763841593&categoryId=201403207
三角洲行动勇敢者行动专属道具可一带二，可二带一正规俱乐部，打手有押金有保障顶级双护带您打暗星燃料单元三个+勇者之证一套航天基地隐藏任务直做，稳拿三个12格新大红+太空配送员徽章+勇敢者之证200w,1886,https://www.goofish.com/item?id=1031029134714&categoryId=201403207
三角洲行动服务，男大女大。三角洲行动服务宣言：游戏指导·三角洲行动9.9!9.9!9.9!起一小时! !各种娱乐女护航，技术男护航目前只有端游板板的所有要求，都可满足~技术好可娱乐24小时在线，,9.991582,https://www.goofish.com/item?id=1001092571129&categoryId=202150249
三角洲行动护航.绝密双护88r=1000w pc端红护纯绿绿色双护1000万撤离单局对赌红玩护航清图单红护1护2 ，跑图红护清图绿色单护保底双护清图监狱一护2双护单护 ,8833,https://www.goofish.com/item?id=1006569534485&categoryId=201403207
三角洲行动护航绝密潮汐监狱88体验单800W稳单纯绿双护专业三角洲行动护航，长期稳定接单，在线秒回。只打绝密潮汐监狱，专注地图，效率更稳。 ✅套餐价格：88 =800W ✅服,88,https://www.goofish.com/item?id=1022426476273&categoryId=201403207
三角洲行动手游护航98=1688w！性价比首选极致对赌单：98保单局888w以上未成功再送撤离一把（两局大概可吃1688➕双护纯绿护航！效率高物资全给老板本店所有打手押金已交店,983849,https://www.goofish.com/item?id=1029114653629&categoryId=201403207
三角洲行动护航9.9元战神游戏指导·三角洲行动护航游戏指导·三角洲行动三角洲行动服务宣言：三角洲9.9！1小时！娱乐技术女陪陪～摸到的红和金都是您的！板板的要求！全部满足！（╹◡╹三角,9.903002,https://www.goofish.com/item?id=1028305581507&categoryId=202150249
三角洲行动女陪丸护航福利拉满三角洲行动女娱乐天花板，HH电竞等你来战！调皮话多的女陪陪天团已就位！我们不只是陪丸，更是你的：上分搭子：精准报点、极限操作，把把carry不是梦气氛组担当：全程,20,https://www.goofish.com/item?id=1035846284279&categoryId=202150249
