序号,商品标题,价格
1,赠永久包赔64371647位ID号未开通安卓服务器QQ账号,¥4002
2,赠永久包赔专属uid：90909997位ID号未开通安卓服务器QQ账号小时前发布,¥4002
3,赠永久包赔6位生日短号9609136位ID号未开通安卓服务器QQ账号人想要,¥1085
4,赠永久包赔1570826uid7位ID号未开通安卓服务器QQ账号人想要,¥501
5,赠永久包赔6位数，喜欢可以下单6位ID号未开通安卓服务器QQ账号小时前发布,¥19922
6,赠永久包赔幸运靓号（可议价）已开通6位ID号安卓服务器QQ账号分钟前发布,¥50025
7,赠永久包赔6位数学号6位ID号未开通安卓服务器QQ账号人想要,¥1503
8,赠永久包赔uid7位7位ID号未开通安卓服务器QQ账号人想要,¥2008
9,赠永久包赔官方验号洛克王国6位学号6位ID号未开通安卓服务器微信账号人想要,¥2604
10,赠永久包赔洛克王国世界id6位ID号未开通安卓服务器QQ账号分钟前发布,¥50039
11,赠永久包赔顶级学号自己看6位ID号未开通安卓服务器QQ账号人想要,¥2003
12,赠永久包赔幸运号6位数ID绝号6位ID号未开通安卓服务器QQ账号,¥200
13,赠永久包赔靓号低价出了7位ID号未开通安卓服务器QQ账号-担保,¥60
14,赠永久包赔六位ID:2696926位ID号未开通安卓服务器QQ账号小时前发布,¥2227
15,赠永久包赔洛克王国uid9203931未开通安卓服务器QQ账号,¥50
16,赠永久包赔幸运号可议价6位ID号未开通安卓服务器QQ账号人想要,¥2002
17,赠永久包赔洛克王国世界幸运号6位ID号未开通安卓服务器QQ账号人想要,¥2891
18,赠永久包赔极品六位ID6位ID号未开通安卓服务器QQ账号小时前发布,¥19923
19,赠永久包赔666靓号6位ID号未开通安卓服务器QQ账号人想要,¥3991
20,赠永久包赔6位uid账号6位ID号未开通安卓服务器QQ账号,¥288
21,赠永久包赔74898377位ID号未开通安卓服务器QQ账号,¥60
22,赠永久包赔洛克王国uid7位ID号未开通安卓服务器QQ账号人想要,¥3882
23,赠永久包赔洛克王国世界id7位ID号未开通安卓服务器QQ账号人想要,¥702
24,赠永久包赔3291556位ID号未开通安卓服务器QQ账号,¥288
25,赠永久包赔洛克王国uid87587197位ID号未开通安卓服务器QQ账号,¥50
26,赠永久包赔六位数字uid6位ID号未开通安卓服务器QQ账号,¥360
27,赠永久包赔六位uid，6667766位ID号未开通安卓服务器QQ账号人想要,¥1,5007
28,赠永久包赔靓号51222227位ID号未开通安卓服务器QQ账号人想要,¥5,0004
29,赠永久包赔极品靓号仅此一个4w中的一个7位ID号未开通安卓服务器QQ账号人想要,¥66618
30,赠永久包赔极品uid7位ID号未开通安卓服务器QQ账号人想要,¥9993
31,赠永久包赔官方验号洛克王国靓号7位ID号未开通安卓服务器QQ账号人想要,¥3386
32,赠永久包赔洛克王国ID7位ID号未开通安卓服务器微信账号,¥200
33,赠永久包赔7位极品id66985997位ID号未开通安卓服务器QQ账号人想要,¥801
34,赠永久包赔七位学号83709327位ID号未开通安卓服务器QQ账号人想要,¥881
35,赠永久包赔豹子号5122444未开通安卓服务器QQ账号人想要,¥2223
36,赠永久包赔9696967位ID号未开通安卓服务器QQ账号人想要,¥1982
37,赠永久包赔洛内测炫彩异色雪影娃娃 uid7位ID号未开通异色-雪影娃娃安卓服务器QQ账号小时前发布,¥1,00023
38,赠永久包赔靓号4115116位ID号未开通安卓服务器QQ账号人想要,¥6504
39,赠永久包赔uid68828867位ID号未开通安卓服务器微信账号-担保人想要,¥6887
40,赠永久包赔小豹子连体号，和平精英战神框7位ID号未开通安卓服务器QQ账号人想要,¥1284
41,赠永久包赔uid:68234687位ID号未开通安卓服务器QQ账号人想要,¥991
42,赠永久包赔绝版双数叠号7位ID号未开通安卓服务器QQ账号人想要,¥1289
43,赠永久包赔寓意一世&要爱，可议价7位ID号未开通安卓服务器QQ账号,¥207
44,赠永久包赔吉利数88986847位ID号异色-恶魔狼星光狮印象安卓服务器QQ账号小时前发布,¥1888
45,赠永久包赔炸弹号久久号，666699发财7位ID号未开通安卓服务器QQ账号人想要,¥6664
46,赠永久包赔七位数豹子号999开头安卓服务器QQ账号,¥136
47,赠永久包赔极品号8040206位ID号未开通安卓服务器微信账号-担保人想要,¥6662
48,赠永久包赔洛克王国世界极品号99997位ID号未开通安卓服务器微信账号-担保人想要,¥5204
49,赠永久包赔uid靓号16666907位ID号未开通安卓服务器QQ账号人想要,¥8507
50,赠永久包赔洛克王国极品id5207位ID号未开通安卓服务器QQ账号,¥168
51,赠永久包赔靓号2356747未开通内测账号安卓服务器微信账号-担保,¥200
52,赠永久包赔6位数001号6位ID号未开通安卓服务器QQ账号小时前发布,¥80018
53,赠永久包赔官方验号好看的7位uid7位ID号星光狮印象未开通安卓服务器QQ账号,¥79
54,赠永久包赔83030767位ID号未开通安卓服务器QQ账号,¥80
55,赠永久包赔有想买id的可以17位ID号未开通安卓服务器QQ账号,¥100
56,赠永久包赔专属id看图片7位ID号未开通安卓服务器QQ账号人想要,¥881
57,赠永久包赔靓号ID39869867位ID号未开通安卓服务器微信账号人想要,¥2001
58,赠永久包赔49941017位ID号未开通安卓服务器QQ账号,¥100
59,赠永久包赔uid1399992次内测号6位ID号未开通内测账号安卓服务器QQ账号人想要,¥13,9996
60,赠永久包赔内测号异色炫彩恶魔狼已带到公测异色-恶魔狼未开通内测账号安卓服务器QQ账号人想要,¥2,0002
61,赠永久包赔靓号8999897位ID号未开通安卓服务器QQ账号小时前发布,¥2,00022
62,赠永久包赔4372886位ID号未开通安卓服务器QQ账号人想要,¥2001
63,赠永久包赔靓号ID ，昵称bubble6位ID号未开通安卓服务器QQ账号人想要,¥2001
64,赠永久包赔7位数小极品号未开通安卓服务器QQ账号人想要,¥1881
65,赠永久包赔豹子号幸运号9993776位ID号未开通安卓服务器QQ账号人想要,¥9995
66,赠永久包赔洛克王国世界专属号7位ID号未开通安卓服务器QQ账号,¥150
67,赠永久包赔洛克王国极品id2117位ID号未开通安卓服务器QQ账号,¥211
68,赠永久包赔异色恶魔狼＋小月卡＋通行证已开通返利账号异色-恶魔狼安卓服务器QQ账号人想要,¥1,4002
69,赠永久包赔极品幸运ID号6位ID号未开通安卓服务器QQ账号,¥288
70,赠永久包赔4666660，超靓学号7位ID号未开通安卓服务器QQ账号人想要,¥1,2507
71,赠永久包赔uid221002q区小号空号6位ID号未开通安卓服务器QQ账号小时前发布,¥62914
72,赠永久包赔uid:3761546位ID号未开通安卓服务器QQ账号小时前发布,¥15019
73,赠永久包赔洛克王国uid极品靓号五个37位ID号未开通安卓服务器微信账号人想要,¥6996
74,赠永久包赔洛克王国世界专属号7位ID号未开通安卓服务器QQ账号,¥150
75,赠永久包赔4个3豹子号7位ID号未开通安卓服务器QQ账号人想要,¥5001
76,赠永久包赔7位UID:60048587位ID号未开通安卓服务器QQ账号,¥130
77,赠永久包赔2223996位id6位ID号未开通安卓服务器QQ账号人想要,¥6882
78,赠永久包赔11037307位ID号未开通安卓服务器QQ账号人想要,¥881
79,赠永久包赔【0级】腾讯官服新区定制328档位礼包安卓服务器QQ账号-担保小时前发布,¥2305
80,赠永久包赔内测充值5500，6位数id已开通返利账号6位ID号安卓服务器QQ账号人想要,¥6,6668
81,赠永久包赔4个9靓号未开通安卓服务器微信账号-担保小时前发布,¥5006
82,赠永久包赔官方验号洛克王国世界绝版uid7位ID号未开通安卓服务器QQ账号,¥355
83,赠永久包赔极品ab学号7位ID号未开通安卓服务器QQ账号人想要,¥8002
84,赠永久包赔极品豹子号7位ID号未开通安卓服务器QQ账号人想要,¥2001
85,赠永久包赔洛克王国学号6位ID号未开通安卓服务器QQ账号人想要,¥5502
86,赠永久包赔71546577位ID号未开通安卓服务器QQ账号,¥100
87,赠永久包赔6位幸运学号1818706位ID号未开通安卓服务器QQ账号人想要,¥8181
88,赠永久包赔UID99887007位ID号未开通安卓服务器微信账号-担保,¥500
89,赠永久包赔豹子四位85255567位ID号未开通安卓服务器QQ账号小时前发布,¥39914
90,赠永久包赔官方验号洛克王国世界id靓号未开通安卓服务器QQ账号人想要,¥7991
91,赠永久包赔洛克王国世界6位ID号未开通安卓服务器微信账号-担保小时前发布,¥2,00013
92,赠永久包赔洛克王国id号：1120086位ID号未开通安卓服务器微信账号人想要,¥6003
93,赠永久包赔豪里豪气，人上人7位ID号未开通异色-雪影娃娃安卓服务器微信账号-担保人想要,¥6662
94,赠永久包赔三连豹子号，可议价7位ID号未开通安卓服务器QQ账号,¥305
95,赠永久包赔洛克绝版超靓ID24464427位ID号未开通安卓服务器微信账号-担保人想要,¥6663
96,赠永久包赔幸运6位数号价格可仪6位ID号未开通安卓服务器微信账号-担保人想要,¥8,8886
97,赠永久包赔洛克王国手游超靓号未开通安卓服务器微信账号-担保人想要,¥1,5005
98,赠永久包赔5515250安卓服务器QQ账号,¥300
99,赠永久包赔UID六位数6位ID号未开通安卓服务器QQ账号,¥200
100,赠永久包赔靓号1333336位ID号未开通安卓服务器QQ账号人想要,¥99,9993
