序号,用户名,时间,帖子内容,评论数
1,Muffinokie_双颂餅,14分钟前  来自 洛克王国世界交易超话,14分钟前  来自 洛克王国世界交易超话 洛克王国世界交易超话  氵,0
2,爱喝柠檬水ao,今天 13:04  来自 洛克王国世界交易超话,今天 13:04  来自 洛克王国世界交易超话 洛克王国世界交易超话 一起玩的宝子速来,0
3,KAn0n11,今天 11:44  来自 洛克王国世界交易超话,今天 11:44  来自 洛克王国世界交易超话 洛克王国世界交易超话  蹲预约板板 全程b站直播噢 童叟无欺 首单88折 三年老代 板板快来,0
4,用户7839631838,今天 11:20 最后评论  来自 洛克王国世界交易超话,今天 11:20 最后评论  来自 洛克王国世界交易超话 洛克王国世界交易超话 氵,1
5,果断奶茶在撸猫,今天 11:19 最后评论  来自 洛克王国世界交易超话,今天 11:19 最后评论  来自 洛克王国世界交易超话 洛克王国世界交易超话  水,1
6,情的晚安,今天 11:19 最后评论  来自 洛克王国世界交易超话,今天 11:19 最后评论  来自 洛克王国世界交易超话 氵洛克王国世界交易超话,1
7,江昕羿,今天 11:17 最后评论  来自 洛克王国世界交易超话,今天 11:17 最后评论  来自 洛克王国世界交易超话 洛克王国世界交易超话  1,1
8,犯困橘,今天 11:16 最后评论  来自 洛克王国世界交易超话,今天 11:16 最后评论  来自 洛克王国世界交易超话 洛克王国世界交易超话 氵氵经验,4
9,你去问月亮吧--,今天 11:13 最后评论  来自 洛克王国世界交易超话,今天 11:13 最后评论  来自 洛克王国世界交易超话 洛克王国世界交易超话  氵,1
10,洛克王国手游代肝,今天 11:12 最后评论  来自 洛克王国世界交易超话,今天 11:12 最后评论  来自 洛克王国世界交易超话 洛克代肝#洛克王国手游#洛克王国世界交易超话#洛克王国#,5
11,单依纯工作室,今天 11:12 最后评论  来自 洛克王国世界交易超话,今天 11:12 最后评论  来自 洛克王国世界交易超话 洛克王国世界陪玩超话 点左边蓝色字体，关注陪玩超话，抢先加入领取超话纪念元老！,2
12,终末地异环代肝-夏十三,今天 11:11 最后评论  来自 洛克王国世界交易超话,今天 11:11 最后评论  来自 洛克王国世界交易超话 洛克王国世界交易超话  后天开服接代肝全跑 目前只有一个排单 纯手工 每天可以交流,4
13,SE-004,今天 11:09 最后评论  来自 洛克王国世界交易超话,今天 11:09 最后评论  来自 洛克王国世界交易超话 洛克王国世界交易超话  有代肝吗 提前蹲一个备用,13
14,洛克王国手游代肝,今天 10:24  来自 洛克王国世界交易超话,今天 10:24  来自 洛克王国世界交易超话 洛克王国世界交易超话,0
15,ban-love,今天 10:05 最后评论  来自 洛克王国世界交易超话,今天 10:05 最后评论  来自 洛克王国世界交易超话 洛克王国世界交易超话 代抓异色的dd 带价来,6
16,想吃肉肉i,今天 10:04 最后评论  来自 洛克王国世界交易超话,今天 10:04 最后评论  来自 洛克王国世界交易超话 洛克王国世界交易超话 有团吗 想提前加,2
17,终末地异环代肝-夏十三,今天 10:04 最后评论  来自 洛克王国世界交易超话,今天 10:04 最后评论  来自 洛克王国世界交易超话 洛克王国世界交易超话  目前排一单 接洛克王国世界开荒代肝 有需要的老师吗,1
18,笙笙游戏代肝代打,今天 10:04 最后评论  来自 洛克王国世界交易超话,今天 10:04 最后评论  来自 洛克王国世界交易超话 洛克王国世界可预约代肝支持直播共享屏幕录屏及截图接B服 官服 及任何成年人接单情绪稳定已结单40+安全有保障回头客有各种福利或者优惠哦~有信誉图 有自证 效率高 ...展开全文c,2
19,宥木集,今天 10:03 最后评论  来自 洛克王国世界交易超话,今天 10:03 最后评论  来自 洛克王国世界交易超话 洛克王国世界交易超话  ❤️❤️板板你好 这里是宥木集❤️❤️☘️🍀支持先打后付 🉑走🐟🍀☘️🌒sjh致歉 🌙 O专栏 · 宥木の洛克王国魔法日记,0
20,Foeit,今天 10:03 最后评论  来自 洛克王国世界交易超话,今天 10:03 最后评论  来自 洛克王国世界交易超话 洛克王国世界交易超话  有直播开荒的蹲一个,6
21,愿得黎心不分离,今天 00:25 最后评论  来自 洛克王国世界交易超话,今天 00:25 最后评论  来自 洛克王国世界交易超话 洛克王国世界交易超话洛克王国世界交易超话蹲个开荒代肝，带价来,11
22,小山猪159,3月24日 10:36  来自 洛克王国世界交易超话,3月24日 10:36  来自 洛克王国世界交易超话 洛克王国世界交易超话 1,0
23,清风moda,3月24日 10:35 最后评论  来自 洛克王国世界交易超话,3月24日 10:35 最后评论  来自 洛克王国世界交易超话 洛克王国世界交易超话 +3,2
24,颜柒什么都不会,3月24日10:34 最后评论  来自 洛克王国世界交易超话,3月24日10:34 最后评论  来自 洛克王国世界交易超话 洛克王国世界交易超话 3.26 谁来玩 加好友dd,8
25,单依纯工作室,3月24日 10:34 最后评论  来自 洛克王国世界交易超话,3月24日 10:34 最后评论  来自 洛克王国世界交易超话 洛克王国世界陪玩超话   关注陪玩超话，现在加入就是元老！,2
26,你去问月亮吧--,3月24日 10:33 最后评论  来自 洛克王国世界交易超话,3月24日 10:33 最后评论  来自 洛克王国世界交易超话 洛克王国世界交易超话  氵,1
27,用户8349671236,3月24日 10:33 最后评论  来自 洛克王国世界交易超话,3月24日 10:33 最后评论  来自 洛克王国世界交易超话 洛克王国世界交易超话  螃蟹上架短位id直接给钱呀，66666,13
28,颜柒什么都不会,3月24日 10:31 最后评论  来自 洛克王国世界交易超话,3月24日 10:31 最后评论  来自 洛克王国世界交易超话 洛克王国世界交易超话 有人选火花吗 我们开服进去互相抓三小只,15
29,绊生华,3月24日 10:30 最后评论 来自 洛克王国世界交易超话,3月24日 10:30 最后评论 来自 洛克王国世界交易超话 洛克王国世界交易超话 111,20
30,孤独的风车,3月24日10:30 最后评论  来自 洛克王国世界交易超话,3月24日10:30 最后评论  来自 洛克王国世界交易超话 #洛克王国世界预下载#这个适合什么年龄段玩玩的？洛克王国超话洛克王国世界交易超话#生活手记#,4
31,爱喝柠檬水ao,3月24日 09:54 最后评论  来自 洛克王国世界交易超话,3月24日 09:54 最后评论  来自 洛克王国世界交易超话 洛克王国世界交易超话 刚建了一个，有没有要一起玩耍的宝子，需要的dd我，现在进群就是长老级成员,1
32,nn-原代,3月24日 09:33 来自 洛克王国世界交易超话,3月24日 09:33 来自 洛克王国世界交易超话 洛克王国世界交易超话 洛克王国世界手游3.26正式上线啦，这里是nn，在红薯直播，xyt多多，小洛克们首周八折优惠哦欢迎来问价  O专栏 · nn的价格表,2
33,出人头地佛si,3月23日 22:18 最后评论  来自 洛克王国世界交易超话,3月23日 22:18 最后评论  来自 洛克王国世界交易超话 洛克王国世界交易超话  小洛克3月26日准备好了吗,16
34,颜柒什么都不会,3月23日 22:18 最后评论  来自 洛克王国世界交易超话,3月23日 22:18 最后评论  来自 洛克王国世界交易超话 洛克王国世界交易超话 刚刚看见的 这对吗 到底谁在买,13
35,想吃肉肉i,3月23日 22:17 最后评论  来自 洛克王国世界交易超话,3月23日 22:17 最后评论  来自 洛克王国世界交易超话 洛克王国世界交易超话 氵,2
36,黏黏黏QAQ,3月23日 22:16 最后评论  来自 洛克王国世界交易超话,3月23日 22:16 最后评论  来自 洛克王国世界交易超话 洛克王国世界交易超话 +3,13
37,颜柒什么都不会,3月23日 22:14 最后评论  来自 洛克王国世界交易超话,3月23日 22:14 最后评论  来自 洛克王国世界交易超话 洛克王国世界交易超话 定档了家人们,14
38,颜柒什么都不会,3月23日 22:12 最后评论  来自 洛克王国世界交易超话,3月23日 22:12 最后评论  来自 洛克王国世界交易超话 洛克王国世界交易超话 有奖竞猜 洛克三月份会不会跳票   抽一杯奶茶,27
39,黏黏黏QAQ,3月23日 19:39 最后评论  来自 洛克王国世界交易超话,3月23日 19:39 最后评论  来自 洛克王国世界交易超话 洛克王国世界交易超话 +3,9
40,小零神pro,3月23日 19:36 最后评论  来自 洛克王国世界交易超话,3月23日 19:36 最后评论  来自 洛克王国世界交易超话 洛克王国世界交易超话 洛克王国世界专业代肝pvp/pve，殿下您不用再逞强了，您的强来了！专业代肝pvp/pve，内测肝号老玩家，pvp大手子，只有您想不到，没有臣做不到，专注诚信第一，可走🐟更保险，诚信率百分百！细心体贴女大帮您一对一养号，支持许愿配队或某精灵，帮各位殿下搭配最适合喜欢的阵 ...展开全文c,5
41,小糊涂oi,3月23日19:35 最后评论  来自 洛克王国世界交易超话,3月23日19:35 最后评论  来自 洛克王国世界交易超话 洛克王国世界交易超话  111,2
42,颜柒什么都不会,3月23日19:35 最后评论  来自 洛克王国世界交易超话,3月23日19:35 最后评论  来自 洛克王国世界交易超话 洛克王国世界交易超话 洛克王国世界 就剩下四天了！ 期待一波,4
43,颜柒什么都不会,3月23日19:34 最后评论  来自 洛克王国世界交易超话,3月23日19:34 最后评论  来自 洛克王国世界交易超话 洛克王国世界交易超话 收uid 助力次数 ！！有没有还没有助力的,5
44,情的晚安,3月23日 19:33 最后评论  来自 洛克王国世界交易超话,3月23日 19:33 最后评论  来自 洛克王国世界交易超话 666洛克王国世界交易超话,2
45,小博别困,3月23日 19:32 最后评论  来自 洛克王国世界交易超话,3月23日 19:32 最后评论  来自 洛克王国世界交易超话 洛克王国世界交易超话  💦,2
