序号,帖子内容,评论数
1,洛克王国世界交易超话 一起玩的宝子速来 ,0
2,洛克王国世界交易超话 蹲预约板板 全程b站直播噢 童叟无欺 首单88折 三年老代 板板快来 ,0
3,洛克王国世界交易超话 氵 ,1
4,洛克王国世界交易超话  水 ,1
5,氵洛克王国世界交易超话 ,1
6,洛克王国世界交易超话  1 ,1
7,洛克王国世界交易超话 氵氵经验 ,4
8,洛克王国世界交易超话  氵 ,1
9,洛克代肝#洛克王国手游#洛克王国世界交易超话#洛克王国# ,5
10,洛克王国世界陪玩超话 点左边蓝色字体，关注陪玩超话，抢先加入领取超话纪念元老！ ,2
11,洛克王国世界交易超话  后天开服接代肝全跑 目前只有一个排单 纯手工 每天可以交流 ,4
12,洛克王国世界交易超话  有代肝吗 提前蹲一个备用 ,13
13,洛克王国世界交易超话 ,0
14,洛克王国世界交易超话 代抓异色的dd 带价来 ,6
15,洛克王国世界交易超话 有团吗 想提前加 ,2
16,洛克王国世界交易超话  目前排一单 接洛克王国世界开荒代肝 有需要的老师吗 ,1
17,洛克王国世界可预约代肝支持直播共享屏幕录屏及截图接B服 官服 及任何成年人接单情绪稳定已结单40+安全有保障回头客有各种福利或者优惠哦~有信誉图 有自证 效率高 ...展开全文c,2
18,洛克王国世界交易超话  ❤️❤️板板你好 这里是宥木集❤️❤️☘️🍀支持先打后付 🉑走🐟🍀☘️🌒sjh致歉 🌙 O专栏 · 宥木の洛克王国魔法日记 ,0
19,洛克王国世界交易超话  有直播开荒的蹲一个 ,6
20,洛克王国世界交易超话洛克王国世界交易超话蹲个开荒代肝，带价来 ,11
21,洛克王国世界交易超话 1 ,0
22,洛克王国世界交易超话 +3 ,2
23,洛克王国世界交易超话 3.26 谁来玩 加好友dd ,8
24,洛克王国世界陪玩超话   关注陪玩超话，现在加入就是元老！ ,2
25,洛克王国世界交易超话  氵 ,1
26,洛克王国世界交易超话  螃蟹上架短位id直接给钱呀，66666 ,13
27,洛克王国世界交易超话 有人选火花吗 我们开服进去互相抓三小只 ,15
28,洛克王国世界交易超话 111 ,20
29,#洛克王国世界预下载#这个适合什么年龄段玩玩的？洛克王国超话洛克王国世界交易超话#生活手记# ,4
30,洛克王国世界交易超话 刚建了一个，有没有要一起玩耍的宝子，需要的dd我，现在进群就是长老级成员  ,1
