序号,作者,发布时间,内容,点赞数,评论数,转发数
1,未知,未知,洛克王国世界交易超话 氵,0,0,0
2,未知,未知,洛克王国世界交易超话 水,0,0,0
3,未知,未知,氵洛克王国世界交易超话,0,0,0
4,未知,未知,洛克王国世界交易超话 1,0,0,0
5,未知,未知,洛克王国世界交易超话 氵氵经验,0,0,0
6,未知,未知,洛克王国世界交易超话 氵,0,0,0
7,未知,未知,洛克代肝#洛克王国手游#洛克王国世界交易超话#洛克王国#,0,0,0
8,未知,未知,洛克王国世界陪玩超话 点左边蓝色字体，关注陪玩超话，抢先加入领取超话纪念元老！,0,0,0
9,未知,未知,洛克王国世界交易超话 后天开服接代肝全跑 目前只有一个排单 纯手工 每天可以交流,0,0,0
10,未知,未知,洛克王国世界交易超话 有代肝吗 提前蹲一个备用,0,0,0
11,未知,未知,洛克王国世界交易超话,0,0,0
12,未知,未知,洛克王国世界交易超话 来个拼豪华通行证的，我108，你100，我选极光，来个绒仙子，走🐟，加满48小时后马上送,0,0,0
13,未知,未知,洛克王国世界交易超话 代抓异色的dd 带价来,0,0,0
14,未知,未知,洛克王国世界交易超话 有团吗 想提前加,0,0,0
15,未知,未知,洛克王国世界交易超话 目前排一单 接洛克王国世界开荒代肝 有需要的老师吗,0,0,0
16,未知,未知,"洛克王国世界可预约代肝
支持直播共享屏幕录屏及截图
接B服 官服 及任何
成年人接单情绪稳定
已结单40+安全有保障
回头客有各种福利或者优惠哦~
有信誉图 有自证 效率高 ...展开全文c",0,0,0
17,未知,未知,"洛克王国世界交易超话
❤️❤️板板你好 这里是宥木集❤️❤️
☘️🍀支持先打后付 🉑走🐟🍀☘️
🌒sjh致歉 🌙 O专栏 · 宥木の洛克王国魔法日记",0,0,0
18,未知,未知,洛克王国世界交易超话 有直播开荒的蹲一个,0,0,0
19,未知,未知,洛克王国世界交易超话洛克王国世界交易超话蹲个开荒代肝，带价来,0,0,0
20,未知,未知,洛克王国世界交易超话 1,0,0,0
21,未知,未知,洛克王国世界交易超话 +3,0,0,0
22,未知,未知,洛克王国世界交易超话 3.26 谁来玩 加好友dd,0,0,0
23,未知,未知,洛克王国世界陪玩超话 关注陪玩超话，现在加入就是元老！,0,0,0
24,未知,未知,洛克王国世界交易超话 氵,0,0,0
25,未知,未知,洛克王国世界交易超话 螃蟹上架短位id直接给钱呀，66666,0,0,0
26,未知,未知,洛克王国世界交易超话 有人选火花吗 我们开服进去互相抓三小只,0,0,0
27,未知,未知,洛克王国世界交易超话 111,0,0,0
28,未知,未知,#洛克王国世界预下载#这个适合什么年龄段玩玩的？洛克王国超话洛克王国世界交易超话#生活手记#,0,0,0
29,未知,未知,洛克王国世界交易超话 刚建了一个，有没有要一起玩耍的宝子，需要的dd我，现在进群就是长老级成员,0,0,0
30,未知,未知,洛克王国世界交易超话 洛克王国世界手游3.26正式上线啦，这里是nn，在红薯直播，xyt多多，小洛克们首周八折优惠哦欢迎来问价 O专栏 · nn的价格表,0,0,0
31,未知,未知,洛克王国世界交易超话 小洛克3月26日准备好了吗,0,0,0
32,未知,未知,洛克王国世界交易超话 刚刚看见的 这对吗 到底谁在买,0,0,0
33,未知,未知,洛克王国世界交易超话 氵,0,0,0
34,未知,未知,洛克王国世界交易超话 +3,0,0,0
35,未知,未知,洛克王国世界交易超话 定档了家人们,0,0,0
36,未知,未知,洛克王国世界交易超话 有奖竞猜 洛克三月份会不会跳票 抽一杯奶茶,0,0,0
37,未知,未知,洛克王国世界交易超话 +3,0,0,0
38,未知,未知,洛克王国世界交易超话 洛克王国世界专业代肝pvp/pve，殿下您不用再逞强了，您的强来了！专业代肝pvp/pve，内测肝号老玩家，pvp大手子，只有您想不到，没有臣做不到，专注诚信第一，可走🐟更保险，诚信率百分百！细心体贴女大帮您一对一养号，支持许愿配队或某精灵，帮各位殿下搭配最适合喜欢的阵...展开全文c,0,0,0
39,未知,未知,洛克王国世界交易超话 111,0,0,0
40,未知,未知,洛克王国世界交易超话 洛克王国世界 就剩下四天了！ 期待一波,0,0,0
41,未知,未知,洛克王国世界交易超话 收uid 助力次数 ！！有没有还没有助力的,0,0,0
42,未知,未知,666洛克王国世界交易超话,0,0,0
43,未知,未知,洛克王国世界交易超话 💦,0,0,0
44,未知,未知,洛克王国世界交易超话 有无开服选喵喵和水蓝蓝的互抓,0,0,0
45,未知,未知,洛克王国世界交易超话 想问问现在异色代肝都多少左右了🤔,0,0,0
